{"scope.version":"2","timeline.animationMode":"proMode","viewport.width":320,"viewport.height":640,"library.openDirectories":[],"library.GroupsPath":{},"library.downloadedAssets":{},"tool.text.optionsState":{"fontName":"Times","fontSize":"16px","fontWeight":"normal","fontStyle":"normal","alignLeft":true,"alignCenter":false,"alignRight":false,"alignJustify":false,"verticalAlignCenter":false,"foreColor":"rgba(98,205,220,1)","tagName":"p","orderedList":false,"unorderedList":false},"timeline.loopPreview":true}